{"initial_reset_timestamp": 1547417910.1949341, "timestamps": [1547417916.7514482], "episode_lengths": [166], "episode_rewards": [-166.0], "episode_types": ["t", "t"]}